{
  "GET All Pending Expenses" : {
    "transaction" : "GET All Pending Expenses",
    "sampleCount" : 37811,
    "errorCount" : 0,
    "errorPct" : 0.0,
    "meanResTime" : 3.4702864245854115,
    "medianResTime" : 3.0,
    "minResTime" : 1.0,
    "maxResTime" : 31.0,
    "pct1ResTime" : 5.0,
    "pct2ResTime" : 5.0,
    "pct3ResTime" : 7.0,
    "throughput" : 68.158998606572,
    "receivedKBytesPerSec" : 49.85458003547113,
    "sentKBytesPerSec" : 27.090539485229304
  },
  "Total" : {
    "transaction" : "Total",
    "sampleCount" : 151299,
    "errorCount" : 0,
    "errorPct" : 0.0,
    "meanResTime" : 2.8676726217622184,
    "medianResTime" : 3.0,
    "minResTime" : 1.0,
    "maxResTime" : 34.0,
    "pct1ResTime" : 4.0,
    "pct2ResTime" : 5.0,
    "pct3ResTime" : 6.0,
    "throughput" : 272.4036858460774,
    "receivedKBytesPerSec" : 272.9191810601894,
    "sentKBytesPerSec" : 112.83564990898812
  },
  "GET All Expenses" : {
    "transaction" : "GET All Expenses",
    "sampleCount" : 37838,
    "errorCount" : 0,
    "errorPct" : 0.0,
    "meanResTime" : 2.2752788202336327,
    "medianResTime" : 2.0,
    "minResTime" : 1.0,
    "maxResTime" : 26.0,
    "pct1ResTime" : 3.0,
    "pct2ResTime" : 4.0,
    "pct3ResTime" : 5.0,
    "throughput" : 68.16871567963334,
    "receivedKBytesPerSec" : 113.63671646985753,
    "sentKBytesPerSec" : 26.561833550950883
  },
  "Login" : {
    "transaction" : "Login",
    "sampleCount" : 37866,
    "errorCount" : 0,
    "errorPct" : 0.0,
    "meanResTime" : 2.2095019278508397,
    "medianResTime" : 2.0,
    "minResTime" : 1.0,
    "maxResTime" : 34.0,
    "pct1ResTime" : 3.0,
    "pct2ResTime" : 3.0,
    "pct3ResTime" : 5.0,
    "throughput" : 68.17641678609752,
    "receivedKBytesPerSec" : 36.88450673779104,
    "sentKBytesPerSec" : 31.99630163340457
  },
  "GET Employee 1 Expenses" : {
    "transaction" : "GET Employee 1 Expenses",
    "sampleCount" : 37784,
    "errorCount" : 0,
    "errorPct" : 0.0,
    "meanResTime" : 3.5174677112005113,
    "medianResTime" : 3.0,
    "minResTime" : 1.0,
    "maxResTime" : 33.0,
    "pct1ResTime" : 5.0,
    "pct2ResTime" : 5.0,
    "pct3ResTime" : 7.0,
    "throughput" : 68.14410826876741,
    "receivedKBytesPerSec" : 72.80239691995268,
    "sentKBytesPerSec" : 27.28426209979945
  }
}