{
  "GET Expense With ID 1" : {
    "transaction" : "GET Expense With ID 1",
    "sampleCount" : 11450,
    "errorCount" : 6602,
    "errorPct" : 57.65939,
    "meanResTime" : 11.22139737991272,
    "medianResTime" : 7.0,
    "minResTime" : 1.0,
    "maxResTime" : 254.0,
    "pct1ResTime" : 27.0,
    "pct2ResTime" : 38.0,
    "pct3ResTime" : 65.48999999999978,
    "throughput" : 48.12703856888261,
    "receivedKBytesPerSec" : 57.051614344274356,
    "sentKBytesPerSec" : 8.503423140699082
  },
  "Total" : {
    "transaction" : "Total",
    "sampleCount" : 45860,
    "errorCount" : 23492,
    "errorPct" : 51.225468,
    "meanResTime" : 9.935150457915213,
    "medianResTime" : 5.0,
    "minResTime" : 1.0,
    "maxResTime" : 282.0,
    "pct1ResTime" : 26.0,
    "pct2ResTime" : 40.0,
    "pct3ResTime" : 72.0,
    "throughput" : 192.23272483390272,
    "receivedKBytesPerSec" : 244.25660164682583,
    "sentKBytesPerSec" : 33.56893938103871
  },
  "Logout" : {
    "transaction" : "Logout",
    "sampleCount" : 11428,
    "errorCount" : 5222,
    "errorPct" : 45.694786,
    "meanResTime" : 8.121106055302777,
    "medianResTime" : 5.0,
    "minResTime" : 1.0,
    "maxResTime" : 260.0,
    "pct1ResTime" : 17.0,
    "pct2ResTime" : 27.0,
    "pct3ResTime" : 59.0,
    "throughput" : 48.098047963366696,
    "receivedKBytesPerSec" : 57.393036570699245,
    "sentKBytesPerSec" : 9.945300038036935
  },
  "GET All Expenses" : {
    "transaction" : "GET All Expenses",
    "sampleCount" : 11480,
    "errorCount" : 6410,
    "errorPct" : 55.836235,
    "meanResTime" : 10.651219512195183,
    "medianResTime" : 6.0,
    "minResTime" : 1.0,
    "maxResTime" : 282.0,
    "pct1ResTime" : 25.0,
    "pct2ResTime" : 35.0,
    "pct3ResTime" : 70.0,
    "throughput" : 48.190950344011185,
    "receivedKBytesPerSec" : 65.84638242541527,
    "sentKBytesPerSec" : 8.667551247486557
  },
  "Login" : {
    "transaction" : "Login",
    "sampleCount" : 11502,
    "errorCount" : 5258,
    "errorPct" : 45.713787,
    "meanResTime" : 9.742392627369158,
    "medianResTime" : 6.0,
    "minResTime" : 1.0,
    "maxResTime" : 238.0,
    "pct1ResTime" : 21.0,
    "pct2ResTime" : 31.0,
    "pct3ResTime" : 62.0,
    "throughput" : 48.2154983777258,
    "receivedKBytesPerSec" : 64.45283844276348,
    "sentKBytesPerSec" : 6.529124760536399
  }
}